ID, Name, Phone Number, Email, Mountain Code, Fee
SE190888, Phung Long, 0931231212, phungl@gmail.com, MT01, 6000000.000000
SE190777, Hoang Hoang, 0343678678, hoang@gmail.com, MT13, 3900000.000000
SE190000, No No, 0399999999, no@edu.vn, MT01, 3900000.000000
HE999999, Suk Ma Dik, 0999999999, suk@gmail.com, MT03, 6000000.000000