ID, Name, Phone Number, Email, Mountain Code, Fee
SE190377, Phung Luu Hoang Long, 0776506822, phunglong@gmail.com, 1, 6000000.000000
SE190377, Hong Hong, 0775605600, asd@gmail.com, 2, 6000000.000000
SE191919, Hong Hong, 0779996577, p@gmail.com, 2, 6000000.000000
SE180999, Hong Hong, 0939012012, a@gmail.com, 3, 6000000.000000