ID, Name, Phone Number, Email, Mountain Code, Fee
SE190888, Phung Long, 0931231212, phungl@gmail.com, MT01, 6000000.000000
SE190777, Hoang Hoang, 0343678678, hoang@gmail.com, MT13, 3900000.000000
SE190000, No No, 0399999999, no@edu.vn, MT01, 3900000.000000
HE123456, Suc Ca, 0931231213, ca@gmail.com, MT05, 6000000.000000
SE190190, No Hong Jin, 0777659872, abc@gmai.com, MT06, 6000000.000000
HE199999, Suc Ma Ma, 0939098765, awd@gmai.com, MT06, 6000000.000000