ID, Name, Phone Number, Email, Mountain Code, Fee
SE190888, Phung Long, 0911231212, phungl@gmail.com, MT01, 6000000.000000
SE190777, Hoang Hoang, 0943678678, hoang@gmail.com, MT13, 3900000.000000
SE190000, No No, 0812345677, asdas@gmail.com, MT06, 3900000.000000
HE123456, Suc Ca, 0931231213, ca@gmail.com, MT05, 6000000.000000
HE199999, Suc Suc Suc, 0969090909, adc@gmail.com, MT07, 6000000.000000
SE123456, Phung Long, 0342345667, abc@gmail.com, MT01, 6000000.000000